<?xml version="1.0" encoding="UTF-8"?>
<GenRun Id="synth_1" LaunchPart="xc7a200tfbg676-2" LaunchTime="1744667021" LaunchIncrCheckpoint="$PSRCDIR/utils_1/imports/synth_1/Adaptive_FIR_Filter.dcp">
  <File Type="PA-TCL" Name="Adaptive_FIR_Filter.tcl"/>
  <File Type="REPORTS-TCL" Name="Adaptive_FIR_Filter_reports.tcl"/>
  <File Type="RDS-RDS" Name="Adaptive_FIR_Filter.vds"/>
  <File Type="RDS-PROPCONSTRS" Name="Adaptive_FIR_Filter_drc_synth.rpt"/>
  <File Type="RDS-UTIL" Name="Adaptive_FIR_Filter_utilization_synth.rpt"/>
  <File Type="RDS-UTIL-PB" Name="Adaptive_FIR_Filter_utilization_synth.pb"/>
  <File Type="RDS-DCP" Name="Adaptive_FIR_Filter.dcp"/>
  <File Type="VDS-TIMINGSUMMARY" Name="Adaptive_FIR_Filter_timing_summary_synth.rpt"/>
  <File Type="VDS-TIMING-PB" Name="Adaptive_FIR_Filter_timing_summary_synth.pb"/>
  <FileSet Name="sources" Type="DesignSrcs" RelSrcDir="$PSRCDIR/sources_1" RelGenDir="$PGENDIR/sources_1">
    <Filter Type="Srcs"/>
    <File Path="$PSRCDIR/sources_1/new/Adaptive_FIR_Filter.v">
      <FileInfo>
        <Attr Name="UsedIn" Val="synthesis"/>
        <Attr Name="UsedIn" Val="implementation"/>
        <Attr Name="UsedIn" Val="simulation"/>
      </FileInfo>
    </File>
    <Config>
      <Option Name="DesignMode" Val="RTL"/>
      <Option Name="TopModule" Val="Adaptive_FIR_Filter"/>
      <Option Name="TopAutoSet" Val="TRUE"/>
    </Config>
  </FileSet>
  <FileSet Name="constrs_in" Type="Constrs" RelSrcDir="$PSRCDIR/constrs_1" RelGenDir="$PGENDIR/constrs_1">
    <Filter Type="Constrs"/>
    <File Path="$PSRCDIR/constrs_1/new/LSM.xdc">
      <FileInfo>
        <Attr Name="UsedIn" Val="synthesis"/>
        <Attr Name="UsedIn" Val="implementation"/>
      </FileInfo>
    </File>
    <Config>
      <Option Name="TargetConstrsFile" Val="$PSRCDIR/constrs_1/new/LSM.xdc"/>
      <Option Name="ConstrsType" Val="XDC"/>
    </Config>
  </FileSet>
  <FileSet Name="utils" Type="Utils" RelSrcDir="$PSRCDIR/utils_1" RelGenDir="$PGENDIR/utils_1">
    <Filter Type="Utils"/>
    <File Path="$PSRCDIR/utils_1/imports/synth_1/Adaptive_FIR_Filter.dcp">
      <FileInfo>
        <Attr Name="UsedIn" Val="synthesis"/>
        <Attr Name="UsedIn" Val="implementation"/>
        <Attr Name="UsedInSteps" Val="synth_1"/>
        <Attr Name="AutoDcp" Val="1"/>
      </FileInfo>
    </File>
    <Config>
      <Option Name="TopAutoSet" Val="TRUE"/>
    </Config>
  </FileSet>
  <Strategy Version="1" Minor="2">
    <StratHandle Name="Vivado Synthesis Defaults" Flow="Vivado Synthesis 2024"/>
    <Step Id="synth_design"/>
  </Strategy>
</GenRun>
